"PSU","total_samples_in_psu","samples_with_opaka_catch","prop_zeros_opaka"
44616,3,1,66.6666666666667
2559,3,0,100
10882,3,0,100
11872,3,0,100
12537,3,0,100
13446,3,0,100
15029,3,0,100
16420,3,0,100
40201,3,0,100
42794,3,0,100
43231,3,0,100
44582,3,0,100
45207,3,0,100
1232,2,2,0
2019,2,2,0
3506,2,2,0
14930,2,2,0
36708,2,2,0
37036,2,2,0
39929,2,2,0
306,2,1,50
366,2,1,50
611,2,1,50
1230,2,1,50
1597,2,1,50
1625,2,1,50
1730,2,1,50
2847,2,1,50
3540,2,1,50
5379,2,1,50
8715,2,1,50
9126,2,1,50
10317,2,1,50
11564,2,1,50
12179,2,1,50
12258,2,1,50
12372,2,1,50
13142,2,1,50
15101,2,1,50
15139,2,1,50
15347,2,1,50
15777,2,1,50
17902,2,1,50
18454,2,1,50
18778,2,1,50
20605,2,1,50
22829,2,1,50
23677,2,1,50
27904,2,1,50
31974,2,1,50
33024,2,1,50
39862,2,1,50
43397,2,1,50
44366,2,1,50
50,2,0,100
81,2,0,100
247,2,0,100
305,2,0,100
422,2,0,100
445,2,0,100
538,2,0,100
541,2,0,100
553,2,0,100
710,2,0,100
1052,2,0,100
1413,2,0,100
1704,2,0,100
2416,2,0,100
2581,2,0,100
2631,2,0,100
2937,2,0,100
3487,2,0,100
3730,2,0,100
3797,2,0,100
3909,2,0,100
4076,2,0,100
4646,2,0,100
4752,2,0,100
5102,2,0,100
5274,2,0,100
5451,2,0,100
5510,2,0,100
5809,2,0,100
6056,2,0,100
6208,2,0,100
6245,2,0,100
6421,2,0,100
6714,2,0,100
6923,2,0,100
6994,2,0,100
7153,2,0,100
7382,2,0,100
7678,2,0,100
7680,2,0,100
7915,2,0,100
7928,2,0,100
8005,2,0,100
8554,2,0,100
8768,2,0,100
8779,2,0,100
8785,2,0,100
9678,2,0,100
9712,2,0,100
9819,2,0,100
9822,2,0,100
9879,2,0,100
9901,2,0,100
9945,2,0,100
10008,2,0,100
10396,2,0,100
11189,2,0,100
11196,2,0,100
11203,2,0,100
11516,2,0,100
11532,2,0,100
11571,2,0,100
11665,2,0,100
11817,2,0,100
11832,2,0,100
11834,2,0,100
11938,2,0,100
12021,2,0,100
12059,2,0,100
12262,2,0,100
12501,2,0,100
12532,2,0,100
12649,2,0,100
12795,2,0,100
13148,2,0,100
13213,2,0,100
13340,2,0,100
13490,2,0,100
13804,2,0,100
13812,2,0,100
13934,2,0,100
14050,2,0,100
14168,2,0,100
14292,2,0,100
14293,2,0,100
14396,2,0,100
14412,2,0,100
14446,2,0,100
14543,2,0,100
14634,2,0,100
14763,2,0,100
14898,2,0,100
14949,2,0,100
15032,2,0,100
15181,2,0,100
15483,2,0,100
15715,2,0,100
15717,2,0,100
16190,2,0,100
16222,2,0,100
16285,2,0,100
16335,2,0,100
16516,2,0,100
16709,2,0,100
17416,2,0,100
17702,2,0,100
18273,2,0,100
19350,2,0,100
20391,2,0,100
21092,2,0,100
21779,2,0,100
22030,2,0,100
22326,2,0,100
22438,2,0,100
22688,2,0,100
22930,2,0,100
23446,2,0,100
23815,2,0,100
24640,2,0,100
24929,2,0,100
25106,2,0,100
25213,2,0,100
25502,2,0,100
25786,2,0,100
25793,2,0,100
25802,2,0,100
26092,2,0,100
26383,2,0,100
26412,2,0,100
26697,2,0,100
27401,2,0,100
28264,2,0,100
30196,2,0,100
30261,2,0,100
30979,2,0,100
31302,2,0,100
31322,2,0,100
31412,2,0,100
31634,2,0,100
32120,2,0,100
33220,2,0,100
33447,2,0,100
33671,2,0,100
34072,2,0,100
34115,2,0,100
34492,2,0,100
34929,2,0,100
35068,2,0,100
35277,2,0,100
35428,2,0,100
35525,2,0,100
35622,2,0,100
35632,2,0,100
35703,2,0,100
35992,2,0,100
36039,2,0,100
36079,2,0,100
36307,2,0,100
36542,2,0,100
37113,2,0,100
37121,2,0,100
37274,2,0,100
37496,2,0,100
37614,2,0,100
37689,2,0,100
37991,2,0,100
38182,2,0,100
38364,2,0,100
38425,2,0,100
38506,2,0,100
38530,2,0,100
38565,2,0,100
38941,2,0,100
39562,2,0,100
39745,2,0,100
39808,2,0,100
39816,2,0,100
39878,2,0,100
39985,2,0,100
40012,2,0,100
40077,2,0,100
40202,2,0,100
40576,2,0,100
40655,2,0,100
40709,2,0,100
40818,2,0,100
40942,2,0,100
41035,2,0,100
41191,2,0,100
41356,2,0,100
41449,2,0,100
41694,2,0,100
41814,2,0,100
41958,2,0,100
41986,2,0,100
42030,2,0,100
42125,2,0,100
42181,2,0,100
42228,2,0,100
42446,2,0,100
42742,2,0,100
42849,2,0,100
42868,2,0,100
42996,2,0,100
43039,2,0,100
43058,2,0,100
43457,2,0,100
43538,2,0,100
43647,2,0,100
43717,2,0,100
43880,2,0,100
43934,2,0,100
43961,2,0,100
43988,2,0,100
44050,2,0,100
44105,2,0,100
44109,2,0,100
44487,2,0,100
44621,2,0,100
44698,2,0,100
44705,2,0,100
45073,2,0,100
45153,2,0,100
45271,2,0,100
45364,2,0,100
11,1,1,0
101,1,1,0
132,1,1,0
134,1,1,0
210,1,1,0
226,1,1,0
271,1,1,0
272,1,1,0
524,1,1,0
638,1,1,0
699,1,1,0
720,1,1,0
730,1,1,0
899,1,1,0
935,1,1,0
979,1,1,0
1073,1,1,0
1125,1,1,0
1165,1,1,0
1205,1,1,0
1210,1,1,0
1249,1,1,0
1335,1,1,0
1352,1,1,0
1366,1,1,0
1387,1,1,0
1398,1,1,0
1677,1,1,0
1699,1,1,0
1719,1,1,0
1947,1,1,0
2073,1,1,0
2132,1,1,0
2165,1,1,0
2511,1,1,0
2699,1,1,0
2810,1,1,0
2888,1,1,0
2890,1,1,0
2931,1,1,0
3020,1,1,0
3037,1,1,0
3446,1,1,0
3450,1,1,0
3569,1,1,0
3572,1,1,0
3573,1,1,0
3668,1,1,0
3904,1,1,0
4109,1,1,0
4179,1,1,0
4364,1,1,0
4506,1,1,0
4955,1,1,0
5311,1,1,0
5604,1,1,0
5659,1,1,0
5733,1,1,0
5734,1,1,0
5735,1,1,0
5737,1,1,0
5803,1,1,0
5810,1,1,0
5870,1,1,0
5891,1,1,0
5939,1,1,0
6141,1,1,0
6311,1,1,0
6427,1,1,0
6428,1,1,0
6496,1,1,0
7303,1,1,0
7590,1,1,0
8359,1,1,0
8369,1,1,0
8374,1,1,0
8567,1,1,0
8580,1,1,0
8651,1,1,0
8652,1,1,0
8978,1,1,0
9169,1,1,0
9190,1,1,0
9364,1,1,0
9426,1,1,0
9766,1,1,0
9827,1,1,0
10314,1,1,0
10782,1,1,0
11039,1,1,0
11661,1,1,0
11839,1,1,0
12065,1,1,0
12093,1,1,0
12214,1,1,0
12371,1,1,0
12546,1,1,0
12617,1,1,0
12826,1,1,0
13140,1,1,0
13144,1,1,0
13459,1,1,0
14238,1,1,0
14359,1,1,0
14884,1,1,0
15016,1,1,0
15100,1,1,0
15590,1,1,0
15597,1,1,0
15722,1,1,0
15724,1,1,0
15994,1,1,0
16004,1,1,0
16096,1,1,0
16115,1,1,0
16117,1,1,0
16149,1,1,0
16205,1,1,0
16259,1,1,0
16916,1,1,0
17155,1,1,0
17561,1,1,0
17848,1,1,0
17927,1,1,0
18470,1,1,0
18547,1,1,0
19117,1,1,0
19414,1,1,0
19549,1,1,0
20678,1,1,0
22647,1,1,0
22910,1,1,0
23271,1,1,0
23342,1,1,0
23412,1,1,0
23417,1,1,0
24235,1,1,0
24483,1,1,0
24754,1,1,0
25173,1,1,0
25176,1,1,0
25236,1,1,0
25748,1,1,0
25810,1,1,0
27289,1,1,0
27291,1,1,0
27320,1,1,0
27589,1,1,0
27897,1,1,0
27898,1,1,0
30401,1,1,0
30958,1,1,0
31041,1,1,0
32301,1,1,0
32378,1,1,0
32422,1,1,0
32431,1,1,0
32541,1,1,0
32702,1,1,0
32703,1,1,0
32867,1,1,0
34334,1,1,0
34645,1,1,0
35343,1,1,0
35426,1,1,0
36931,1,1,0
36958,1,1,0
37108,1,1,0
37142,1,1,0
37342,1,1,0
37356,1,1,0
37413,1,1,0
37538,1,1,0
37541,1,1,0
37626,1,1,0
37769,1,1,0
37829,1,1,0
38007,1,1,0
38088,1,1,0
38314,1,1,0
38817,1,1,0
39066,1,1,0
39239,1,1,0
39290,1,1,0
39393,1,1,0
39395,1,1,0
39508,1,1,0
39882,1,1,0
39951,1,1,0
39970,1,1,0
40017,1,1,0
40058,1,1,0
40081,1,1,0
40082,1,1,0
40083,1,1,0
40301,1,1,0
40528,1,1,0
40719,1,1,0
40803,1,1,0
41060,1,1,0
41087,1,1,0
41303,1,1,0
41362,1,1,0
43665,1,1,0
43698,1,1,0
43748,1,1,0
43990,1,1,0
44111,1,1,0
44204,1,1,0
44247,1,1,0
44284,1,1,0
45082,1,1,0
7,1,0,100
18,1,0,100
24,1,0,100
30,1,0,100
37,1,0,100
44,1,0,100
47,1,0,100
54,1,0,100
63,1,0,100
93,1,0,100
108,1,0,100
117,1,0,100
122,1,0,100
130,1,0,100
164,1,0,100
169,1,0,100
199,1,0,100
201,1,0,100
212,1,0,100
231,1,0,100
286,1,0,100
299,1,0,100
304,1,0,100
316,1,0,100
321,1,0,100
322,1,0,100
323,1,0,100
337,1,0,100
338,1,0,100
339,1,0,100
369,1,0,100
379,1,0,100
380,1,0,100
415,1,0,100
420,1,0,100
435,1,0,100
449,1,0,100
450,1,0,100
462,1,0,100
500,1,0,100
508,1,0,100
530,1,0,100
531,1,0,100
559,1,0,100
575,1,0,100
589,1,0,100
628,1,0,100
631,1,0,100
637,1,0,100
641,1,0,100
650,1,0,100
665,1,0,100
667,1,0,100
672,1,0,100
674,1,0,100
690,1,0,100
694,1,0,100
700,1,0,100
731,1,0,100
739,1,0,100
775,1,0,100
778,1,0,100
795,1,0,100
843,1,0,100
844,1,0,100
858,1,0,100
889,1,0,100
909,1,0,100
925,1,0,100
958,1,0,100
966,1,0,100
1001,1,0,100
1031,1,0,100
1050,1,0,100
1064,1,0,100
1075,1,0,100
1076,1,0,100
1082,1,0,100
1088,1,0,100
1107,1,0,100
1122,1,0,100
1126,1,0,100
1130,1,0,100
1133,1,0,100
1134,1,0,100
1142,1,0,100
1162,1,0,100
1163,1,0,100
1168,1,0,100
1185,1,0,100
1195,1,0,100
1206,1,0,100
1223,1,0,100
1251,1,0,100
1255,1,0,100
1322,1,0,100
1377,1,0,100
1420,1,0,100
1422,1,0,100
1439,1,0,100
1452,1,0,100
1474,1,0,100
1484,1,0,100
1490,1,0,100
1496,1,0,100
1509,1,0,100
1510,1,0,100
1514,1,0,100
1547,1,0,100
1553,1,0,100
1554,1,0,100
1558,1,0,100
1567,1,0,100
1578,1,0,100
1590,1,0,100
1598,1,0,100
1616,1,0,100
1628,1,0,100
1633,1,0,100
1647,1,0,100
1655,1,0,100
1700,1,0,100
1734,1,0,100
1750,1,0,100
1765,1,0,100
1776,1,0,100
1805,1,0,100
1834,1,0,100
1835,1,0,100
1856,1,0,100
1870,1,0,100
1891,1,0,100
1905,1,0,100
1921,1,0,100
1953,1,0,100
1965,1,0,100
1980,1,0,100
2008,1,0,100
2039,1,0,100
2052,1,0,100
2055,1,0,100
2072,1,0,100
2074,1,0,100
2075,1,0,100
2095,1,0,100
2114,1,0,100
2122,1,0,100
2140,1,0,100
2142,1,0,100
2155,1,0,100
2182,1,0,100
2183,1,0,100
2189,1,0,100
2198,1,0,100
2257,1,0,100
2265,1,0,100
2279,1,0,100
2286,1,0,100
2295,1,0,100
2332,1,0,100
2345,1,0,100
2347,1,0,100
2377,1,0,100
2420,1,0,100
2432,1,0,100
2502,1,0,100
2524,1,0,100
2546,1,0,100
2550,1,0,100
2580,1,0,100
2600,1,0,100
2610,1,0,100
2617,1,0,100
2673,1,0,100
2702,1,0,100
2703,1,0,100
2706,1,0,100
2708,1,0,100
2742,1,0,100
2743,1,0,100
2775,1,0,100
2820,1,0,100
2853,1,0,100
2861,1,0,100
2865,1,0,100
2887,1,0,100
2892,1,0,100
2895,1,0,100
2932,1,0,100
2950,1,0,100
2973,1,0,100
2978,1,0,100
2987,1,0,100
2997,1,0,100
3025,1,0,100
3027,1,0,100
3028,1,0,100
3041,1,0,100
3082,1,0,100
3084,1,0,100
3087,1,0,100
3128,1,0,100
3137,1,0,100
3168,1,0,100
3175,1,0,100
3226,1,0,100
3232,1,0,100
3233,1,0,100
3247,1,0,100
3287,1,0,100
3292,1,0,100
3300,1,0,100
3348,1,0,100
3356,1,0,100
3357,1,0,100
3379,1,0,100
3406,1,0,100
3411,1,0,100
3454,1,0,100
3455,1,0,100
3458,1,0,100
3480,1,0,100
3482,1,0,100
3489,1,0,100
3516,1,0,100
3535,1,0,100
3544,1,0,100
3546,1,0,100
3547,1,0,100
3579,1,0,100
3580,1,0,100
3582,1,0,100
3586,1,0,100
3604,1,0,100
3609,1,0,100
3631,1,0,100
3632,1,0,100
3643,1,0,100
3656,1,0,100
3669,1,0,100
3671,1,0,100
3673,1,0,100
3685,1,0,100
3739,1,0,100
3750,1,0,100
3767,1,0,100
3770,1,0,100
3780,1,0,100
3788,1,0,100
3803,1,0,100
3805,1,0,100
3807,1,0,100
3850,1,0,100
3863,1,0,100
3867,1,0,100
3878,1,0,100
3902,1,0,100
3908,1,0,100
3917,1,0,100
3975,1,0,100
3983,1,0,100
3984,1,0,100
3996,1,0,100
4004,1,0,100
4008,1,0,100
4013,1,0,100
4022,1,0,100
4027,1,0,100
4047,1,0,100
4062,1,0,100
4077,1,0,100
4082,1,0,100
4086,1,0,100
4126,1,0,100
4132,1,0,100
4140,1,0,100
4143,1,0,100
4152,1,0,100
4156,1,0,100
4162,1,0,100
4176,1,0,100
4212,1,0,100
4225,1,0,100
4249,1,0,100
4252,1,0,100
4262,1,0,100
4263,1,0,100
4265,1,0,100
4281,1,0,100
4290,1,0,100
4292,1,0,100
4299,1,0,100
4321,1,0,100
4328,1,0,100
4329,1,0,100
4346,1,0,100
4351,1,0,100
4359,1,0,100
4365,1,0,100
4369,1,0,100
4385,1,0,100
4398,1,0,100
4406,1,0,100
4409,1,0,100
4424,1,0,100
4428,1,0,100
4432,1,0,100
4433,1,0,100
4437,1,0,100
4440,1,0,100
4458,1,0,100
4465,1,0,100
4466,1,0,100
4467,1,0,100
4489,1,0,100
4496,1,0,100
4502,1,0,100
4507,1,0,100
4508,1,0,100
4513,1,0,100
4531,1,0,100
4541,1,0,100
4546,1,0,100
4554,1,0,100
4559,1,0,100
4568,1,0,100
4570,1,0,100
4572,1,0,100
4576,1,0,100
4578,1,0,100
4584,1,0,100
4604,1,0,100
4611,1,0,100
4620,1,0,100
4626,1,0,100
4636,1,0,100
4639,1,0,100
4642,1,0,100
4645,1,0,100
4689,1,0,100
4693,1,0,100
4698,1,0,100
4722,1,0,100
4727,1,0,100
4745,1,0,100
4765,1,0,100
4769,1,0,100
4777,1,0,100
4800,1,0,100
4845,1,0,100
4869,1,0,100
4875,1,0,100
4893,1,0,100
4894,1,0,100
4896,1,0,100
4897,1,0,100
4906,1,0,100
4920,1,0,100
4925,1,0,100
4930,1,0,100
4947,1,0,100
4949,1,0,100
4951,1,0,100
4954,1,0,100
4985,1,0,100
4989,1,0,100
5032,1,0,100
5033,1,0,100
5043,1,0,100
5119,1,0,100
5124,1,0,100
5134,1,0,100
5150,1,0,100
5159,1,0,100
5172,1,0,100
5227,1,0,100
5237,1,0,100
5240,1,0,100
5242,1,0,100
5243,1,0,100
5245,1,0,100
5249,1,0,100
5263,1,0,100
5287,1,0,100
5291,1,0,100
5295,1,0,100
5366,1,0,100
5373,1,0,100
5402,1,0,100
5413,1,0,100
5438,1,0,100
5445,1,0,100
5448,1,0,100
5454,1,0,100
5471,1,0,100
5479,1,0,100
5545,1,0,100
5549,1,0,100
5556,1,0,100
5564,1,0,100
5577,1,0,100
5584,1,0,100
5609,1,0,100
5616,1,0,100
5618,1,0,100
5626,1,0,100
5635,1,0,100
5636,1,0,100
5655,1,0,100
5675,1,0,100
5698,1,0,100
5702,1,0,100
5703,1,0,100
5717,1,0,100
5723,1,0,100
5776,1,0,100
5793,1,0,100
5819,1,0,100
5851,1,0,100
5866,1,0,100
5906,1,0,100
5909,1,0,100
5910,1,0,100
5931,1,0,100
5975,1,0,100
5980,1,0,100
5990,1,0,100
5995,1,0,100
5996,1,0,100
6000,1,0,100
6001,1,0,100
6024,1,0,100
6030,1,0,100
6042,1,0,100
6084,1,0,100
6094,1,0,100
6097,1,0,100
6099,1,0,100
6102,1,0,100
6103,1,0,100
6122,1,0,100
6158,1,0,100
6184,1,0,100
6186,1,0,100
6189,1,0,100
6207,1,0,100
6217,1,0,100
6219,1,0,100
6231,1,0,100
6251,1,0,100
6276,1,0,100
6284,1,0,100
6303,1,0,100
6304,1,0,100
6310,1,0,100
6321,1,0,100
6357,1,0,100
6362,1,0,100
6364,1,0,100
6370,1,0,100
6394,1,0,100
6401,1,0,100
6416,1,0,100
6457,1,0,100
6464,1,0,100
6478,1,0,100
6481,1,0,100
6501,1,0,100
6513,1,0,100
6520,1,0,100
6527,1,0,100
6528,1,0,100
6534,1,0,100
6558,1,0,100
6559,1,0,100
6576,1,0,100
6581,1,0,100
6619,1,0,100
6634,1,0,100
6635,1,0,100
6636,1,0,100
6698,1,0,100
6700,1,0,100
6702,1,0,100
6722,1,0,100
6724,1,0,100
6762,1,0,100
6766,1,0,100
6769,1,0,100
6816,1,0,100
6824,1,0,100
6847,1,0,100
6861,1,0,100
6864,1,0,100
6876,1,0,100
6888,1,0,100
6902,1,0,100
6909,1,0,100
6924,1,0,100
6925,1,0,100
6928,1,0,100
6939,1,0,100
6946,1,0,100
6957,1,0,100
6960,1,0,100
6976,1,0,100
7002,1,0,100
7011,1,0,100
7021,1,0,100
7044,1,0,100
7060,1,0,100
7069,1,0,100
7077,1,0,100
7099,1,0,100
7101,1,0,100
7105,1,0,100
7110,1,0,100
7129,1,0,100
7150,1,0,100
7170,1,0,100
7174,1,0,100
7203,1,0,100
7211,1,0,100
7225,1,0,100
7231,1,0,100
7248,1,0,100
7254,1,0,100
7258,1,0,100
7263,1,0,100
7287,1,0,100
7302,1,0,100
7305,1,0,100
7308,1,0,100
7315,1,0,100
7334,1,0,100
7342,1,0,100
7355,1,0,100
7364,1,0,100
7380,1,0,100
7394,1,0,100
7396,1,0,100
7412,1,0,100
7417,1,0,100
7421,1,0,100
7425,1,0,100
7440,1,0,100
7446,1,0,100
7472,1,0,100
7477,1,0,100
7484,1,0,100
7574,1,0,100
7609,1,0,100
7611,1,0,100
7638,1,0,100
7655,1,0,100
7657,1,0,100
7675,1,0,100
7688,1,0,100
7701,1,0,100
7725,1,0,100
7744,1,0,100
7764,1,0,100
7765,1,0,100
7796,1,0,100
7799,1,0,100
7812,1,0,100
7837,1,0,100
7841,1,0,100
7850,1,0,100
7854,1,0,100
7871,1,0,100
7877,1,0,100
7882,1,0,100
7894,1,0,100
7955,1,0,100
7980,1,0,100
8039,1,0,100
8088,1,0,100
8094,1,0,100
8102,1,0,100
8111,1,0,100
8192,1,0,100
8198,1,0,100
8210,1,0,100
8220,1,0,100
8240,1,0,100
8252,1,0,100
8278,1,0,100
8289,1,0,100
8291,1,0,100
8307,1,0,100
8317,1,0,100
8323,1,0,100
8328,1,0,100
8338,1,0,100
8358,1,0,100
8375,1,0,100
8378,1,0,100
8384,1,0,100
8387,1,0,100
8414,1,0,100
8415,1,0,100
8427,1,0,100
8444,1,0,100
8466,1,0,100
8481,1,0,100
8488,1,0,100
8489,1,0,100
8493,1,0,100
8494,1,0,100
8508,1,0,100
8532,1,0,100
8542,1,0,100
8560,1,0,100
8586,1,0,100
8603,1,0,100
8605,1,0,100
8613,1,0,100
8616,1,0,100
8631,1,0,100
8639,1,0,100
8661,1,0,100
8676,1,0,100
8677,1,0,100
8702,1,0,100
8760,1,0,100
8761,1,0,100
8771,1,0,100
8795,1,0,100
8797,1,0,100
8818,1,0,100
8850,1,0,100
8871,1,0,100
8886,1,0,100
8890,1,0,100
8891,1,0,100
8893,1,0,100
8917,1,0,100
8920,1,0,100
8938,1,0,100
8956,1,0,100
8963,1,0,100
8974,1,0,100
8976,1,0,100
8977,1,0,100
8992,1,0,100
8993,1,0,100
8997,1,0,100
9014,1,0,100
9024,1,0,100
9032,1,0,100
9035,1,0,100
9067,1,0,100
9086,1,0,100
9090,1,0,100
9107,1,0,100
9123,1,0,100
9167,1,0,100
9177,1,0,100
9269,1,0,100
9278,1,0,100
9285,1,0,100
9302,1,0,100
9307,1,0,100
9331,1,0,100
9336,1,0,100
9357,1,0,100
9359,1,0,100
9428,1,0,100
9431,1,0,100
9436,1,0,100
9460,1,0,100
9478,1,0,100
9484,1,0,100
9492,1,0,100
9496,1,0,100
9505,1,0,100
9513,1,0,100
9518,1,0,100
9544,1,0,100
9555,1,0,100
9571,1,0,100
9583,1,0,100
9589,1,0,100
9601,1,0,100
9613,1,0,100
9614,1,0,100
9616,1,0,100
9617,1,0,100
9621,1,0,100
9649,1,0,100
9653,1,0,100
9658,1,0,100
9669,1,0,100
9688,1,0,100
9694,1,0,100
9697,1,0,100
9700,1,0,100
9707,1,0,100
9711,1,0,100
9714,1,0,100
9718,1,0,100
9737,1,0,100
9741,1,0,100
9743,1,0,100
9753,1,0,100
9756,1,0,100
9773,1,0,100
9776,1,0,100
9792,1,0,100
9797,1,0,100
9801,1,0,100
9816,1,0,100
9824,1,0,100
9829,1,0,100
9841,1,0,100
9861,1,0,100
9871,1,0,100
9873,1,0,100
9878,1,0,100
9880,1,0,100
9882,1,0,100
9884,1,0,100
9885,1,0,100
9895,1,0,100
9898,1,0,100
9902,1,0,100
9908,1,0,100
9933,1,0,100
9935,1,0,100
9936,1,0,100
9939,1,0,100
9942,1,0,100
9946,1,0,100
9947,1,0,100
9949,1,0,100
9951,1,0,100
9957,1,0,100
9959,1,0,100
9976,1,0,100
9989,1,0,100
10000,1,0,100
10001,1,0,100
10007,1,0,100
10009,1,0,100
10011,1,0,100
10017,1,0,100
10022,1,0,100
10027,1,0,100
10032,1,0,100
10045,1,0,100
10065,1,0,100
10066,1,0,100
10067,1,0,100
10070,1,0,100
10075,1,0,100
10104,1,0,100
10116,1,0,100
10119,1,0,100
10132,1,0,100
10144,1,0,100
10164,1,0,100
10189,1,0,100
10244,1,0,100
10266,1,0,100
10275,1,0,100
10304,1,0,100
10306,1,0,100
10315,1,0,100
10318,1,0,100
10321,1,0,100
10357,1,0,100
10390,1,0,100
10392,1,0,100
10399,1,0,100
10444,1,0,100
10494,1,0,100
10499,1,0,100
10502,1,0,100
10510,1,0,100
10553,1,0,100
10554,1,0,100
10561,1,0,100
10562,1,0,100
10616,1,0,100
10621,1,0,100
10622,1,0,100
10674,1,0,100
10686,1,0,100
10687,1,0,100
10744,1,0,100
10745,1,0,100
10752,1,0,100
10832,1,0,100
10834,1,0,100
10845,1,0,100
10853,1,0,100
10881,1,0,100
10883,1,0,100
10887,1,0,100
10894,1,0,100
10930,1,0,100
10933,1,0,100
10946,1,0,100
10951,1,0,100
10979,1,0,100
10984,1,0,100
10993,1,0,100
11003,1,0,100
11004,1,0,100
11042,1,0,100
11045,1,0,100
11046,1,0,100
11076,1,0,100
11083,1,0,100
11114,1,0,100
11131,1,0,100
11139,1,0,100
11156,1,0,100
11188,1,0,100
11191,1,0,100
11194,1,0,100
11198,1,0,100
11201,1,0,100
11204,1,0,100
11205,1,0,100
11211,1,0,100
11233,1,0,100
11276,1,0,100
11283,1,0,100
11284,1,0,100
11299,1,0,100
11307,1,0,100
11319,1,0,100
11335,1,0,100
11374,1,0,100
11376,1,0,100
11377,1,0,100
11379,1,0,100
11381,1,0,100
11408,1,0,100
11410,1,0,100
11411,1,0,100
11415,1,0,100
11435,1,0,100
11441,1,0,100
11443,1,0,100
11465,1,0,100
11477,1,0,100
11478,1,0,100
11479,1,0,100
11505,1,0,100
11506,1,0,100
11565,1,0,100
11574,1,0,100
11604,1,0,100
11622,1,0,100
11627,1,0,100
11639,1,0,100
11666,1,0,100
11669,1,0,100
11716,1,0,100
11727,1,0,100
11728,1,0,100
11731,1,0,100
11734,1,0,100
11739,1,0,100
11764,1,0,100
11766,1,0,100
11769,1,0,100
11771,1,0,100
11772,1,0,100
11830,1,0,100
11833,1,0,100
11837,1,0,100
11847,1,0,100
11866,1,0,100
11868,1,0,100
11875,1,0,100
11881,1,0,100
11919,1,0,100
11933,1,0,100
11937,1,0,100
11943,1,0,100
11945,1,0,100
11946,1,0,100
11947,1,0,100
12019,1,0,100
12020,1,0,100
12024,1,0,100
12051,1,0,100
12054,1,0,100
12057,1,0,100
12058,1,0,100
12067,1,0,100
12070,1,0,100
12099,1,0,100
12100,1,0,100
12101,1,0,100
12122,1,0,100
12135,1,0,100
12148,1,0,100
12157,1,0,100
12164,1,0,100
12170,1,0,100
12174,1,0,100
12175,1,0,100
12178,1,0,100
12219,1,0,100
12255,1,0,100
12259,1,0,100
12267,1,0,100
12270,1,0,100
12284,1,0,100
12288,1,0,100
12295,1,0,100
12296,1,0,100
12336,1,0,100
12339,1,0,100
12370,1,0,100
12388,1,0,100
12393,1,0,100
12414,1,0,100
12456,1,0,100
12514,1,0,100
12541,1,0,100
12551,1,0,100
12571,1,0,100
12581,1,0,100
12600,1,0,100
12660,1,0,100
12661,1,0,100
12666,1,0,100
12667,1,0,100
12695,1,0,100
12800,1,0,100
12805,1,0,100
12817,1,0,100
12911,1,0,100
12914,1,0,100
12919,1,0,100
12940,1,0,100
12948,1,0,100
12957,1,0,100
12961,1,0,100
12963,1,0,100
12964,1,0,100
13030,1,0,100
13042,1,0,100
13051,1,0,100
13052,1,0,100
13054,1,0,100
13067,1,0,100
13077,1,0,100
13136,1,0,100
13138,1,0,100
13158,1,0,100
13195,1,0,100
13196,1,0,100
13206,1,0,100
13207,1,0,100
13209,1,0,100
13212,1,0,100
13215,1,0,100
13220,1,0,100
13223,1,0,100
13225,1,0,100
13234,1,0,100
13235,1,0,100
13242,1,0,100
13271,1,0,100
13277,1,0,100
13295,1,0,100
13304,1,0,100
13323,1,0,100
13326,1,0,100
13335,1,0,100
13365,1,0,100
13367,1,0,100
13424,1,0,100
13455,1,0,100
13457,1,0,100
13461,1,0,100
13474,1,0,100
13483,1,0,100
13517,1,0,100
13519,1,0,100
13528,1,0,100
13538,1,0,100
13563,1,0,100
13567,1,0,100
13569,1,0,100
13582,1,0,100
13584,1,0,100
13588,1,0,100
13642,1,0,100
13679,1,0,100
13688,1,0,100
13699,1,0,100
13703,1,0,100
13707,1,0,100
13709,1,0,100
13714,1,0,100
13727,1,0,100
13738,1,0,100
13762,1,0,100
13780,1,0,100
13782,1,0,100
13787,1,0,100
13793,1,0,100
13801,1,0,100
13802,1,0,100
13803,1,0,100
13813,1,0,100
13819,1,0,100
13850,1,0,100
13857,1,0,100
13884,1,0,100
13896,1,0,100
13977,1,0,100
13999,1,0,100
14012,1,0,100
14022,1,0,100
14023,1,0,100
14052,1,0,100
14053,1,0,100
14086,1,0,100
14090,1,0,100
14094,1,0,100
14095,1,0,100
14096,1,0,100
14115,1,0,100
14119,1,0,100
14126,1,0,100
14138,1,0,100
14139,1,0,100
14152,1,0,100
14171,1,0,100
14172,1,0,100
14174,1,0,100
14185,1,0,100
14199,1,0,100
14202,1,0,100
14207,1,0,100
14237,1,0,100
14244,1,0,100
14264,1,0,100
14270,1,0,100
14272,1,0,100
14274,1,0,100
14276,1,0,100
14307,1,0,100
14319,1,0,100
14329,1,0,100
14333,1,0,100
14335,1,0,100
14387,1,0,100
14399,1,0,100
14403,1,0,100
14433,1,0,100
14438,1,0,100
14441,1,0,100
14442,1,0,100
14450,1,0,100
14451,1,0,100
14455,1,0,100
14491,1,0,100
14496,1,0,100
14499,1,0,100
14506,1,0,100
14516,1,0,100
14518,1,0,100
14521,1,0,100
14522,1,0,100
14527,1,0,100
14539,1,0,100
14565,1,0,100
14575,1,0,100
14631,1,0,100
14633,1,0,100
14636,1,0,100
14640,1,0,100
14645,1,0,100
14647,1,0,100
14665,1,0,100
14667,1,0,100
14669,1,0,100
14672,1,0,100
14678,1,0,100
14685,1,0,100
14695,1,0,100
14736,1,0,100
14746,1,0,100
14750,1,0,100
14753,1,0,100
14762,1,0,100
14764,1,0,100
14765,1,0,100
14782,1,0,100
14791,1,0,100
14797,1,0,100
14798,1,0,100
14799,1,0,100
14801,1,0,100
14804,1,0,100
14806,1,0,100
14816,1,0,100
14817,1,0,100
14870,1,0,100
14871,1,0,100
14878,1,0,100
14897,1,0,100
14900,1,0,100
14901,1,0,100
14909,1,0,100
14910,1,0,100
14917,1,0,100
14928,1,0,100
14932,1,0,100
14940,1,0,100
14966,1,0,100
14969,1,0,100
14974,1,0,100
15020,1,0,100
15027,1,0,100
15038,1,0,100
15043,1,0,100
15046,1,0,100
15052,1,0,100
15059,1,0,100
15086,1,0,100
15094,1,0,100
15104,1,0,100
15140,1,0,100
15144,1,0,100
15152,1,0,100
15163,1,0,100
15169,1,0,100
15174,1,0,100
15192,1,0,100
15198,1,0,100
15201,1,0,100
15207,1,0,100
15213,1,0,100
15215,1,0,100
15218,1,0,100
15220,1,0,100
15226,1,0,100
15233,1,0,100
15255,1,0,100
15256,1,0,100
15269,1,0,100
15274,1,0,100
15308,1,0,100
15329,1,0,100
15334,1,0,100
15335,1,0,100
15337,1,0,100
15339,1,0,100
15341,1,0,100
15350,1,0,100
15352,1,0,100
15361,1,0,100
15396,1,0,100
15398,1,0,100
15407,1,0,100
15408,1,0,100
15422,1,0,100
15435,1,0,100
15449,1,0,100
15457,1,0,100
15465,1,0,100
15467,1,0,100
15469,1,0,100
15482,1,0,100
15486,1,0,100
15557,1,0,100
15570,1,0,100
15572,1,0,100
15578,1,0,100
15596,1,0,100
15602,1,0,100
15606,1,0,100
15612,1,0,100
15616,1,0,100
15618,1,0,100
15620,1,0,100
15647,1,0,100
15718,1,0,100
15728,1,0,100
15732,1,0,100
15736,1,0,100
15742,1,0,100
15745,1,0,100
15844,1,0,100
15848,1,0,100
15857,1,0,100
15859,1,0,100
15864,1,0,100
15875,1,0,100
15907,1,0,100
15945,1,0,100
15951,1,0,100
15956,1,0,100
15969,1,0,100
15970,1,0,100
15974,1,0,100
15984,1,0,100
15988,1,0,100
16008,1,0,100
16063,1,0,100
16068,1,0,100
16076,1,0,100
16079,1,0,100
16095,1,0,100
16099,1,0,100
16105,1,0,100
16109,1,0,100
16110,1,0,100
16158,1,0,100
16192,1,0,100
16196,1,0,100
16202,1,0,100
16209,1,0,100
16214,1,0,100
16217,1,0,100
16218,1,0,100
16221,1,0,100
16304,1,0,100
16310,1,0,100
16314,1,0,100
16318,1,0,100
16372,1,0,100
16403,1,0,100
16416,1,0,100
16424,1,0,100
16470,1,0,100
16479,1,0,100
16497,1,0,100
16509,1,0,100
16515,1,0,100
16523,1,0,100
16606,1,0,100
16614,1,0,100
16615,1,0,100
16621,1,0,100
16622,1,0,100
16647,1,0,100
16674,1,0,100
16680,1,0,100
16705,1,0,100
16706,1,0,100
16720,1,0,100
16772,1,0,100
16782,1,0,100
16795,1,0,100
16799,1,0,100
16805,1,0,100
16806,1,0,100
16813,1,0,100
16815,1,0,100
16819,1,0,100
16832,1,0,100
16873,1,0,100
16877,1,0,100
16896,1,0,100
16899,1,0,100
16904,1,0,100
16914,1,0,100
16918,1,0,100
16924,1,0,100
16975,1,0,100
17006,1,0,100
17066,1,0,100
17073,1,0,100
17075,1,0,100
17097,1,0,100
17117,1,0,100
17244,1,0,100
17278,1,0,100
17290,1,0,100
17334,1,0,100
17407,1,0,100
17415,1,0,100
17417,1,0,100
17489,1,0,100
17551,1,0,100
17688,1,0,100
17698,1,0,100
17701,1,0,100
17703,1,0,100
17704,1,0,100
17706,1,0,100
17761,1,0,100
17779,1,0,100
17829,1,0,100
17830,1,0,100
17907,1,0,100
17911,1,0,100
17922,1,0,100
17987,1,0,100
17999,1,0,100
18005,1,0,100
18104,1,0,100
18163,1,0,100
18176,1,0,100
18191,1,0,100
18285,1,0,100
18291,1,0,100
18356,1,0,100
18471,1,0,100
18568,1,0,100
18574,1,0,100
18577,1,0,100
18646,1,0,100
18680,1,0,100
18683,1,0,100
18789,1,0,100
19004,1,0,100
19068,1,0,100
19071,1,0,100
19105,1,0,100
19111,1,0,100
19114,1,0,100
19119,1,0,100
19141,1,0,100
19179,1,0,100
19224,1,0,100
19226,1,0,100
19344,1,0,100
19412,1,0,100
19418,1,0,100
19422,1,0,100
19464,1,0,100
19465,1,0,100
19471,1,0,100
19508,1,0,100
19600,1,0,100
19688,1,0,100
19699,1,0,100
19745,1,0,100
19754,1,0,100
19756,1,0,100
19784,1,0,100
19839,1,0,100
19849,1,0,100
19917,1,0,100
19963,1,0,100
20070,1,0,100
20146,1,0,100
20251,1,0,100
20267,1,0,100
20344,1,0,100
20401,1,0,100
20406,1,0,100
20463,1,0,100
20471,1,0,100
20539,1,0,100
20587,1,0,100
20593,1,0,100
20604,1,0,100
20652,1,0,100
20655,1,0,100
20659,1,0,100
20672,1,0,100
20733,1,0,100
20796,1,0,100
20797,1,0,100
20846,1,0,100
21002,1,0,100
21004,1,0,100
21015,1,0,100
21058,1,0,100
21093,1,0,100
21220,1,0,100
21285,1,0,100
21290,1,0,100
21306,1,0,100
21354,1,0,100
21356,1,0,100
21370,1,0,100
21379,1,0,100
21458,1,0,100
21465,1,0,100
21547,1,0,100
21592,1,0,100
21595,1,0,100
21596,1,0,100
21605,1,0,100
21773,1,0,100
21780,1,0,100
21783,1,0,100
21785,1,0,100
21803,1,0,100
21804,1,0,100
21805,1,0,100
21936,1,0,100
22049,1,0,100
22079,1,0,100
22080,1,0,100
22083,1,0,100
22088,1,0,100
22090,1,0,100
22091,1,0,100
22192,1,0,100
22195,1,0,100
22275,1,0,100
22279,1,0,100
22280,1,0,100
22281,1,0,100
22298,1,0,100
22316,1,0,100
22327,1,0,100
22334,1,0,100
22343,1,0,100
22344,1,0,100
22425,1,0,100
22434,1,0,100
22442,1,0,100
22450,1,0,100
22451,1,0,100
22529,1,0,100
22544,1,0,100
22549,1,0,100
22591,1,0,100
22613,1,0,100
22633,1,0,100
22683,1,0,100
22686,1,0,100
22687,1,0,100
22689,1,0,100
22695,1,0,100
22703,1,0,100
22704,1,0,100
22769,1,0,100
22770,1,0,100
22780,1,0,100
22789,1,0,100
22808,1,0,100
22825,1,0,100
22828,1,0,100
22865,1,0,100
22949,1,0,100
22955,1,0,100
23032,1,0,100
23038,1,0,100
23054,1,0,100
23091,1,0,100
23096,1,0,100
23156,1,0,100
23157,1,0,100
23181,1,0,100
23184,1,0,100
23191,1,0,100
23279,1,0,100
23283,1,0,100
23284,1,0,100
23287,1,0,100
23290,1,0,100
23294,1,0,100
23304,1,0,100
23318,1,0,100
23323,1,0,100
23326,1,0,100
23345,1,0,100
23369,1,0,100
23406,1,0,100
23408,1,0,100
23414,1,0,100
23418,1,0,100
23436,1,0,100
23460,1,0,100
23468,1,0,100
23536,1,0,100
23540,1,0,100
23542,1,0,100
23555,1,0,100
23560,1,0,100
23561,1,0,100
23571,1,0,100
23575,1,0,100
23600,1,0,100
23613,1,0,100
23614,1,0,100
23705,1,0,100
23706,1,0,100
23708,1,0,100
23729,1,0,100
23799,1,0,100
23801,1,0,100
23816,1,0,100
23823,1,0,100
23825,1,0,100
23869,1,0,100
23873,1,0,100
23901,1,0,100
23924,1,0,100
23940,1,0,100
23977,1,0,100
23982,1,0,100
24057,1,0,100
24075,1,0,100
24077,1,0,100
24080,1,0,100
24081,1,0,100
24087,1,0,100
24094,1,0,100
24096,1,0,100
24098,1,0,100
24113,1,0,100
24144,1,0,100
24154,1,0,100
24195,1,0,100
24215,1,0,100
24335,1,0,100
24344,1,0,100
24353,1,0,100
24354,1,0,100
24368,1,0,100
24370,1,0,100
24410,1,0,100
24470,1,0,100
24478,1,0,100
24481,1,0,100
24482,1,0,100
24500,1,0,100
24503,1,0,100
24506,1,0,100
24516,1,0,100
24531,1,0,100
24606,1,0,100
24620,1,0,100
24622,1,0,100
24626,1,0,100
24627,1,0,100
24631,1,0,100
24632,1,0,100
24712,1,0,100
24777,1,0,100
24820,1,0,100
24909,1,0,100
24918,1,0,100
24921,1,0,100
24927,1,0,100
24930,1,0,100
24932,1,0,100
24942,1,0,100
24988,1,0,100
24994,1,0,100
25057,1,0,100
25070,1,0,100
25082,1,0,100
25084,1,0,100
25103,1,0,100
25105,1,0,100
25197,1,0,100
25211,1,0,100
25214,1,0,100
25220,1,0,100
25225,1,0,100
25229,1,0,100
25231,1,0,100
25232,1,0,100
25267,1,0,100
25270,1,0,100
25297,1,0,100
25343,1,0,100
25352,1,0,100
25493,1,0,100
25500,1,0,100
25503,1,0,100
25504,1,0,100
25509,1,0,100
25523,1,0,100
25567,1,0,100
25579,1,0,100
25623,1,0,100
25782,1,0,100
25784,1,0,100
25787,1,0,100
25790,1,0,100
25792,1,0,100
25799,1,0,100
25801,1,0,100
25819,1,0,100
25852,1,0,100
25860,1,0,100
25864,1,0,100
25922,1,0,100
25935,1,0,100
25945,1,0,100
25980,1,0,100
26079,1,0,100
26089,1,0,100
26091,1,0,100
26109,1,0,100
26111,1,0,100
26115,1,0,100
26147,1,0,100
26151,1,0,100
26159,1,0,100
26213,1,0,100
26214,1,0,100
26215,1,0,100
26219,1,0,100
26254,1,0,100
26259,1,0,100
26277,1,0,100
26392,1,0,100
26394,1,0,100
26396,1,0,100
26397,1,0,100
26512,1,0,100
26530,1,0,100
26535,1,0,100
26542,1,0,100
26558,1,0,100
26562,1,0,100
26565,1,0,100
26584,1,0,100
26703,1,0,100
26707,1,0,100
26709,1,0,100
26717,1,0,100
26773,1,0,100
26774,1,0,100
26829,1,0,100
26892,1,0,100
26995,1,0,100
27007,1,0,100
27016,1,0,100
27076,1,0,100
27078,1,0,100
27080,1,0,100
27087,1,0,100
27104,1,0,100
27106,1,0,100
27142,1,0,100
27143,1,0,100
27167,1,0,100
27168,1,0,100
27192,1,0,100
27296,1,0,100
27304,1,0,100
27319,1,0,100
27322,1,0,100
27391,1,0,100
27425,1,0,100
27458,1,0,100
27606,1,0,100
27695,1,0,100
27697,1,0,100
27699,1,0,100
27704,1,0,100
27719,1,0,100
27730,1,0,100
27737,1,0,100
27968,1,0,100
27997,1,0,100
28005,1,0,100
28022,1,0,100
28023,1,0,100
28256,1,0,100
28258,1,0,100
28259,1,0,100
28263,1,0,100
28267,1,0,100
28270,1,0,100
28282,1,0,100
28305,1,0,100
28310,1,0,100
28314,1,0,100
28335,1,0,100
28535,1,0,100
28537,1,0,100
28543,1,0,100
28579,1,0,100
28581,1,0,100
28778,1,0,100
28781,1,0,100
28848,1,0,100
28868,1,0,100
28870,1,0,100
29022,1,0,100
29031,1,0,100
29032,1,0,100
29037,1,0,100
29041,1,0,100
29042,1,0,100
29043,1,0,100
29045,1,0,100
29055,1,0,100
29119,1,0,100
29120,1,0,100
29273,1,0,100
29279,1,0,100
29283,1,0,100
29284,1,0,100
29287,1,0,100
29316,1,0,100
29507,1,0,100
29514,1,0,100
29538,1,0,100
29545,1,0,100
29565,1,0,100
29577,1,0,100
29583,1,0,100
29711,1,0,100
29714,1,0,100
29717,1,0,100
29731,1,0,100
29772,1,0,100
29782,1,0,100
29890,1,0,100
29899,1,0,100
29906,1,0,100
29926,1,0,100
29944,1,0,100
30041,1,0,100
30043,1,0,100
30044,1,0,100
30071,1,0,100
30072,1,0,100
30154,1,0,100
30156,1,0,100
30158,1,0,100
30179,1,0,100
30260,1,0,100
30262,1,0,100
30281,1,0,100
30293,1,0,100
30316,1,0,100
30357,1,0,100
30363,1,0,100
30367,1,0,100
30374,1,0,100
30380,1,0,100
30459,1,0,100
30461,1,0,100
30473,1,0,100
30545,1,0,100
30639,1,0,100
30680,1,0,100
30715,1,0,100
30744,1,0,100
30808,1,0,100
30825,1,0,100
30931,1,0,100
31000,1,0,100
31043,1,0,100
31055,1,0,100
31063,1,0,100
31079,1,0,100
31144,1,0,100
31145,1,0,100
31210,1,0,100
31215,1,0,100
31222,1,0,100
31228,1,0,100
31238,1,0,100
31308,1,0,100
31314,1,0,100
31320,1,0,100
31331,1,0,100
31388,1,0,100
31409,1,0,100
31510,1,0,100
31515,1,0,100
31526,1,0,100
31535,1,0,100
31642,1,0,100
31693,1,0,100
31770,1,0,100
31830,1,0,100
31833,1,0,100
31861,1,0,100
31878,1,0,100
31881,1,0,100
31883,1,0,100
31885,1,0,100
31889,1,0,100
31968,1,0,100
31970,1,0,100
31975,1,0,100
31998,1,0,100
32040,1,0,100
32050,1,0,100
32113,1,0,100
32150,1,0,100
32155,1,0,100
32156,1,0,100
32167,1,0,100
32240,1,0,100
32249,1,0,100
32271,1,0,100
32306,1,0,100
32309,1,0,100
32324,1,0,100
32372,1,0,100
32457,1,0,100
32465,1,0,100
32520,1,0,100
32636,1,0,100
32648,1,0,100
32690,1,0,100
32708,1,0,100
32718,1,0,100
32753,1,0,100
32758,1,0,100
32760,1,0,100
32763,1,0,100
32774,1,0,100
32783,1,0,100
32810,1,0,100
32811,1,0,100
32819,1,0,100
32868,1,0,100
32921,1,0,100
32922,1,0,100
32952,1,0,100
32960,1,0,100
32984,1,0,100
33021,1,0,100
33022,1,0,100
33040,1,0,100
33100,1,0,100
33101,1,0,100
33105,1,0,100
33107,1,0,100
33108,1,0,100
33110,1,0,100
33178,1,0,100
33180,1,0,100
33219,1,0,100
33228,1,0,100
33233,1,0,100
33255,1,0,100
33272,1,0,100
33291,1,0,100
33326,1,0,100
33327,1,0,100
33338,1,0,100
33346,1,0,100
33349,1,0,100
33350,1,0,100
33351,1,0,100
33353,1,0,100
33360,1,0,100
33379,1,0,100
33386,1,0,100
33415,1,0,100
33419,1,0,100
33443,1,0,100
33464,1,0,100
33479,1,0,100
33482,1,0,100
33486,1,0,100
33487,1,0,100
33520,1,0,100
33537,1,0,100
33539,1,0,100
33555,1,0,100
33557,1,0,100
33591,1,0,100
33607,1,0,100
33610,1,0,100
33613,1,0,100
33614,1,0,100
33672,1,0,100
33673,1,0,100
33679,1,0,100
33687,1,0,100
33688,1,0,100
33690,1,0,100
33692,1,0,100
33693,1,0,100
33695,1,0,100
33726,1,0,100
33728,1,0,100
33740,1,0,100
33751,1,0,100
33780,1,0,100
33832,1,0,100
33835,1,0,100
33847,1,0,100
33848,1,0,100
33850,1,0,100
33864,1,0,100
33865,1,0,100
33868,1,0,100
33901,1,0,100
33914,1,0,100
33938,1,0,100
33939,1,0,100
33999,1,0,100
34012,1,0,100
34013,1,0,100
34014,1,0,100
34015,1,0,100
34023,1,0,100
34025,1,0,100
34026,1,0,100
34042,1,0,100
34053,1,0,100
34056,1,0,100
34058,1,0,100
34071,1,0,100
34092,1,0,100
34096,1,0,100
34110,1,0,100
34111,1,0,100
34166,1,0,100
34176,1,0,100
34185,1,0,100
34191,1,0,100
34215,1,0,100
34273,1,0,100
34280,1,0,100
34281,1,0,100
34283,1,0,100
34346,1,0,100
34348,1,0,100
34378,1,0,100
34414,1,0,100
34419,1,0,100
34488,1,0,100
34494,1,0,100
34496,1,0,100
34533,1,0,100
34671,1,0,100
34672,1,0,100
34689,1,0,100
34700,1,0,100
34724,1,0,100
34793,1,0,100
34796,1,0,100
34798,1,0,100
34804,1,0,100
34809,1,0,100
34812,1,0,100
34821,1,0,100
34923,1,0,100
34938,1,0,100
34941,1,0,100
34955,1,0,100
35045,1,0,100
35058,1,0,100
35060,1,0,100
35063,1,0,100
35064,1,0,100
35078,1,0,100
35175,1,0,100
35176,1,0,100
35177,1,0,100
35263,1,0,100
35355,1,0,100
35357,1,0,100
35358,1,0,100
35360,1,0,100
35361,1,0,100
35425,1,0,100
35427,1,0,100
35440,1,0,100
35444,1,0,100
35499,1,0,100
35509,1,0,100
35512,1,0,100
35621,1,0,100
35670,1,0,100
35709,1,0,100
35772,1,0,100
35784,1,0,100
35857,1,0,100
35860,1,0,100
35864,1,0,100
35898,1,0,100
35902,1,0,100
35907,1,0,100
35947,1,0,100
35987,1,0,100
35993,1,0,100
36030,1,0,100
36037,1,0,100
36069,1,0,100
36072,1,0,100
36111,1,0,100
36117,1,0,100
36120,1,0,100
36153,1,0,100
36189,1,0,100
36195,1,0,100
36224,1,0,100
36250,1,0,100
36252,1,0,100
36334,1,0,100
36336,1,0,100
36361,1,0,100
36364,1,0,100
36365,1,0,100
36392,1,0,100
36432,1,0,100
36464,1,0,100
36468,1,0,100
36475,1,0,100
36498,1,0,100
36510,1,0,100
36569,1,0,100
36598,1,0,100
36603,1,0,100
36665,1,0,100
36707,1,0,100
36714,1,0,100
36755,1,0,100
36802,1,0,100
36844,1,0,100
36846,1,0,100
36873,1,0,100
36917,1,0,100
36918,1,0,100
36924,1,0,100
36925,1,0,100
36926,1,0,100
36953,1,0,100
36956,1,0,100
36957,1,0,100
36962,1,0,100
36964,1,0,100
36968,1,0,100
37004,1,0,100
37006,1,0,100
37014,1,0,100
37041,1,0,100
37042,1,0,100
37043,1,0,100
37076,1,0,100
37086,1,0,100
37114,1,0,100
37140,1,0,100
37147,1,0,100
37150,1,0,100
37172,1,0,100
37177,1,0,100
37196,1,0,100
37198,1,0,100
37226,1,0,100
37233,1,0,100
37248,1,0,100
37269,1,0,100
37273,1,0,100
37308,1,0,100
37324,1,0,100
37325,1,0,100
37352,1,0,100
37354,1,0,100
37355,1,0,100
37357,1,0,100
37359,1,0,100
37380,1,0,100
37414,1,0,100
37417,1,0,100
37418,1,0,100
37451,1,0,100
37452,1,0,100
37456,1,0,100
37458,1,0,100
37498,1,0,100
37531,1,0,100
37532,1,0,100
37573,1,0,100
37579,1,0,100
37615,1,0,100
37624,1,0,100
37681,1,0,100
37691,1,0,100
37693,1,0,100
37755,1,0,100
37759,1,0,100
37765,1,0,100
37766,1,0,100
37836,1,0,100
37839,1,0,100
37844,1,0,100
37845,1,0,100
37921,1,0,100
37922,1,0,100
37923,1,0,100
38006,1,0,100
38018,1,0,100
38036,1,0,100
38068,1,0,100
38069,1,0,100
38086,1,0,100
38090,1,0,100
38152,1,0,100
38185,1,0,100
38189,1,0,100
38192,1,0,100
38212,1,0,100
38231,1,0,100
38243,1,0,100
38250,1,0,100
38271,1,0,100
38284,1,0,100
38288,1,0,100
38289,1,0,100
38293,1,0,100
38326,1,0,100
38328,1,0,100
38329,1,0,100
38336,1,0,100
38342,1,0,100
38345,1,0,100
38348,1,0,100
38350,1,0,100
38354,1,0,100
38358,1,0,100
38359,1,0,100
38360,1,0,100
38362,1,0,100
38366,1,0,100
38399,1,0,100
38401,1,0,100
38411,1,0,100
38413,1,0,100
38416,1,0,100
38418,1,0,100
38420,1,0,100
38426,1,0,100
38428,1,0,100
38438,1,0,100
38442,1,0,100
38444,1,0,100
38445,1,0,100
38448,1,0,100
38458,1,0,100
38460,1,0,100
38481,1,0,100
38483,1,0,100
38486,1,0,100
38491,1,0,100
38497,1,0,100
38500,1,0,100
38513,1,0,100
38519,1,0,100
38527,1,0,100
38540,1,0,100
38564,1,0,100
38574,1,0,100
38603,1,0,100
38608,1,0,100
38614,1,0,100
38615,1,0,100
38641,1,0,100
38642,1,0,100
38643,1,0,100
38644,1,0,100
38656,1,0,100
38682,1,0,100
38683,1,0,100
38686,1,0,100
38687,1,0,100
38688,1,0,100
38714,1,0,100
38730,1,0,100
38741,1,0,100
38775,1,0,100
38790,1,0,100
38818,1,0,100
38820,1,0,100
38830,1,0,100
38840,1,0,100
38868,1,0,100
38880,1,0,100
38882,1,0,100
38885,1,0,100
38890,1,0,100
38936,1,0,100
38981,1,0,100
38991,1,0,100
39021,1,0,100
39034,1,0,100
39036,1,0,100
39043,1,0,100
39071,1,0,100
39077,1,0,100
39078,1,0,100
39116,1,0,100
39165,1,0,100
39169,1,0,100
39176,1,0,100
39185,1,0,100
39214,1,0,100
39220,1,0,100
39233,1,0,100
39236,1,0,100
39242,1,0,100
39264,1,0,100
39267,1,0,100
39271,1,0,100
39319,1,0,100
39320,1,0,100
39326,1,0,100
39332,1,0,100
39335,1,0,100
39338,1,0,100
39340,1,0,100
39342,1,0,100
39377,1,0,100
39383,1,0,100
39387,1,0,100
39390,1,0,100
39392,1,0,100
39398,1,0,100
39430,1,0,100
39435,1,0,100
39440,1,0,100
39443,1,0,100
39444,1,0,100
39448,1,0,100
39502,1,0,100
39505,1,0,100
39507,1,0,100
39510,1,0,100
39546,1,0,100
39563,1,0,100
39610,1,0,100
39612,1,0,100
39623,1,0,100
39627,1,0,100
39662,1,0,100
39666,1,0,100
39676,1,0,100
39679,1,0,100
39680,1,0,100
39682,1,0,100
39686,1,0,100
39738,1,0,100
39740,1,0,100
39744,1,0,100
39782,1,0,100
39795,1,0,100
39807,1,0,100
39815,1,0,100
39828,1,0,100
39843,1,0,100
39846,1,0,100
39858,1,0,100
39860,1,0,100
39863,1,0,100
39864,1,0,100
39873,1,0,100
39874,1,0,100
39920,1,0,100
39921,1,0,100
39935,1,0,100
39943,1,0,100
39944,1,0,100
39945,1,0,100
39950,1,0,100
39978,1,0,100
40004,1,0,100
40018,1,0,100
40020,1,0,100
40032,1,0,100
40040,1,0,100
40051,1,0,100
40055,1,0,100
40059,1,0,100
40070,1,0,100
40072,1,0,100
40075,1,0,100
40076,1,0,100
40078,1,0,100
40079,1,0,100
40088,1,0,100
40099,1,0,100
40108,1,0,100
40125,1,0,100
40132,1,0,100
40135,1,0,100
40136,1,0,100
40144,1,0,100
40145,1,0,100
40147,1,0,100
40149,1,0,100
40165,1,0,100
40180,1,0,100
40194,1,0,100
40195,1,0,100
40196,1,0,100
40206,1,0,100
40207,1,0,100
40250,1,0,100
40253,1,0,100
40262,1,0,100
40266,1,0,100
40267,1,0,100
40302,1,0,100
40317,1,0,100
40318,1,0,100
40323,1,0,100
40325,1,0,100
40326,1,0,100
40328,1,0,100
40342,1,0,100
40360,1,0,100
40367,1,0,100
40376,1,0,100
40383,1,0,100
40391,1,0,100
40398,1,0,100
40416,1,0,100
40425,1,0,100
40436,1,0,100
40437,1,0,100
40447,1,0,100
40477,1,0,100
40481,1,0,100
40483,1,0,100
40485,1,0,100
40488,1,0,100
40493,1,0,100
40497,1,0,100
40498,1,0,100
40529,1,0,100
40532,1,0,100
40536,1,0,100
40549,1,0,100
40572,1,0,100
40580,1,0,100
40592,1,0,100
40599,1,0,100
40619,1,0,100
40622,1,0,100
40624,1,0,100
40628,1,0,100
40641,1,0,100
40661,1,0,100
40683,1,0,100
40685,1,0,100
40690,1,0,100
40691,1,0,100
40728,1,0,100
40746,1,0,100
40747,1,0,100
40758,1,0,100
40766,1,0,100
40769,1,0,100
40783,1,0,100
40786,1,0,100
40797,1,0,100
40800,1,0,100
40821,1,0,100
40823,1,0,100
40828,1,0,100
40832,1,0,100
40834,1,0,100
40857,1,0,100
40865,1,0,100
40871,1,0,100
40894,1,0,100
40900,1,0,100
40904,1,0,100
40907,1,0,100
40929,1,0,100
40931,1,0,100
40933,1,0,100
40934,1,0,100
40937,1,0,100
40965,1,0,100
40966,1,0,100
40967,1,0,100
40968,1,0,100
40984,1,0,100
41008,1,0,100
41025,1,0,100
41026,1,0,100
41065,1,0,100
41072,1,0,100
41078,1,0,100
41082,1,0,100
41083,1,0,100
41128,1,0,100
41133,1,0,100
41141,1,0,100
41144,1,0,100
41145,1,0,100
41156,1,0,100
41158,1,0,100
41162,1,0,100
41197,1,0,100
41200,1,0,100
41201,1,0,100
41221,1,0,100
41224,1,0,100
41230,1,0,100
41276,1,0,100
41278,1,0,100
41312,1,0,100
41313,1,0,100
41353,1,0,100
41354,1,0,100
41360,1,0,100
41361,1,0,100
41363,1,0,100
41401,1,0,100
41444,1,0,100
41488,1,0,100
41494,1,0,100
41519,1,0,100
41526,1,0,100
41529,1,0,100
41531,1,0,100
41576,1,0,100
41583,1,0,100
41611,1,0,100
41617,1,0,100
41669,1,0,100
41696,1,0,100
41740,1,0,100
41749,1,0,100
41776,1,0,100
41779,1,0,100
41806,1,0,100
41835,1,0,100
41841,1,0,100
41843,1,0,100
41844,1,0,100
41869,1,0,100
41870,1,0,100
41874,1,0,100
41902,1,0,100
41927,1,0,100
41933,1,0,100
41980,1,0,100
41988,1,0,100
42031,1,0,100
42035,1,0,100
42036,1,0,100
42053,1,0,100
42126,1,0,100
42133,1,0,100
42151,1,0,100
42180,1,0,100
42183,1,0,100
42229,1,0,100
42231,1,0,100
42258,1,0,100
42267,1,0,100
42322,1,0,100
42348,1,0,100
42351,1,0,100
42353,1,0,100
42377,1,0,100
42381,1,0,100
42409,1,0,100
42413,1,0,100
42415,1,0,100
42441,1,0,100
42445,1,0,100
42447,1,0,100
42488,1,0,100
42520,1,0,100
42522,1,0,100
42524,1,0,100
42551,1,0,100
42557,1,0,100
42558,1,0,100
42591,1,0,100
42593,1,0,100
42621,1,0,100
42685,1,0,100
42689,1,0,100
42690,1,0,100
42716,1,0,100
42743,1,0,100
42795,1,0,100
42799,1,0,100
42819,1,0,100
42822,1,0,100
42850,1,0,100
42851,1,0,100
42869,1,0,100
42894,1,0,100
42898,1,0,100
42918,1,0,100
42937,1,0,100
42954,1,0,100
42955,1,0,100
42972,1,0,100
42973,1,0,100
43017,1,0,100
43037,1,0,100
43089,1,0,100
43104,1,0,100
43106,1,0,100
43108,1,0,100
43109,1,0,100
43112,1,0,100
43135,1,0,100
43138,1,0,100
43164,1,0,100
43168,1,0,100
43184,1,0,100
43207,1,0,100
43213,1,0,100
43218,1,0,100
43227,1,0,100
43235,1,0,100
43250,1,0,100
43265,1,0,100
43266,1,0,100
43278,1,0,100
43307,1,0,100
43308,1,0,100
43326,1,0,100
43329,1,0,100
43341,1,0,100
43368,1,0,100
43377,1,0,100
43378,1,0,100
43383,1,0,100
43386,1,0,100
43396,1,0,100
43424,1,0,100
43434,1,0,100
43458,1,0,100
43459,1,0,100
43463,1,0,100
43472,1,0,100
43475,1,0,100
43497,1,0,100
43507,1,0,100
43509,1,0,100
43517,1,0,100
43543,1,0,100
43552,1,0,100
43569,1,0,100
43573,1,0,100
43575,1,0,100
43577,1,0,100
43598,1,0,100
43605,1,0,100
43607,1,0,100
43628,1,0,100
43629,1,0,100
43666,1,0,100
43670,1,0,100
43691,1,0,100
43721,1,0,100
43742,1,0,100
43747,1,0,100
43795,1,0,100
43798,1,0,100
43800,1,0,100
43853,1,0,100
43877,1,0,100
43932,1,0,100
43957,1,0,100
43962,1,0,100
43963,1,0,100
44013,1,0,100
44014,1,0,100
44018,1,0,100
44021,1,0,100
44048,1,0,100
44049,1,0,100
44080,1,0,100
44114,1,0,100
44171,1,0,100
44176,1,0,100
44208,1,0,100
44209,1,0,100
44210,1,0,100
44211,1,0,100
44241,1,0,100
44283,1,0,100
44285,1,0,100
44286,1,0,100
44323,1,0,100
44325,1,0,100
44326,1,0,100
44332,1,0,100
44359,1,0,100
44360,1,0,100
44364,1,0,100
44408,1,0,100
44409,1,0,100
44414,1,0,100
44443,1,0,100
44452,1,0,100
44465,1,0,100
44467,1,0,100
44486,1,0,100
44495,1,0,100
44504,1,0,100
44506,1,0,100
44508,1,0,100
44510,1,0,100
44537,1,0,100
44542,1,0,100
44547,1,0,100
44548,1,0,100
44557,1,0,100
44579,1,0,100
44586,1,0,100
44587,1,0,100
44590,1,0,100
44591,1,0,100
44622,1,0,100
44627,1,0,100
44630,1,0,100
44631,1,0,100
44657,1,0,100
44697,1,0,100
44704,1,0,100
44706,1,0,100
44746,1,0,100
44755,1,0,100
44756,1,0,100
44806,1,0,100
44935,1,0,100
44943,1,0,100
45002,1,0,100
45005,1,0,100
45012,1,0,100
45069,1,0,100
45071,1,0,100
45076,1,0,100
45083,1,0,100
45085,1,0,100
45140,1,0,100
45141,1,0,100
45146,1,0,100
45191,1,0,100
45203,1,0,100
45204,1,0,100
45208,1,0,100
45210,1,0,100
45216,1,0,100
45241,1,0,100
45246,1,0,100
45248,1,0,100
45250,1,0,100
45264,1,0,100
45272,1,0,100
45274,1,0,100
45279,1,0,100
45281,1,0,100
45298,1,0,100
45304,1,0,100
45309,1,0,100
45337,1,0,100
45357,1,0,100
45360,1,0,100
45366,1,0,100
45374,1,0,100
45376,1,0,100
45386,1,0,100
45394,1,0,100
45395,1,0,100
45407,1,0,100
45423,1,0,100
45426,1,0,100
45427,1,0,100
45431,1,0,100
45437,1,0,100
45438,1,0,100
45446,1,0,100
45448,1,0,100
45451,1,0,100
45454,1,0,100
45455,1,0,100
45457,1,0,100
45467,1,0,100
45471,1,0,100
45473,1,0,100
45474,1,0,100
45477,1,0,100
45478,1,0,100
45480,1,0,100
45484,1,0,100
45485,1,0,100
45486,1,0,100
45499,1,0,100
45501,1,0,100
45507,1,0,100
45508,1,0,100
45512,1,0,100
45524,1,0,100
45551,1,0,100
